0,helmet
1,helmet
2,helmet
3,helmet
4,helmet
5,helmet
6,helmet
7,helmet
8,helmet
9,helmet
10,helmet
11,helmet
12,helmet
13,helmet
14,helmet
15,helmet
16,helmet
17,helmet
18,helmet
19,helmet
20,helmet
21,helmet
22,helmet
23,helmet
24,helmet
25,helmet
26,helmet
27,helmet
28,helmet
29,helmet
30,helmet
31,helmet
32,helmet
33,helmet
34,helmet
35,helmet
36,helmet
37,helmet
38,helmet
39,helmet
40,helmet
41,helmet
42,helmet
43,helmet
44,helmet
45,helmet
46,helmet
47,helmet
48,helmet
49,helmet
50,helmet
51,helmet
52,helmet
53,helmet
54,helmet
55,helmet
56,helmet
57,helmet
58,helmet
59,helmet
60,helmet
61,helmet
62,helmet
63,helmet
64,helmet
65,helmet
66,helmet
67,helmet
68,helmet
69,helmet
70,helmet
71,helmet
72,helmet
73,helmet
74,helmet
75,helmet
76,helmet
77,helmet
78,helmet
79,helmet
80,helmet
81,helmet
82,helmet
83,helmet
84,helmet
85,helmet
86,helmet
87,helmet
88,helmet
89,helmet
90,helmet
91,helmet
92,helmet
93,helmet
94,helmet
95,helmet
96,helmet
97,helmet
98,helmet
99,helmet
100,helmet
101,helmet
102,helmet
103,helmet
104,helmet
105,helmet
106,helmet
107,helmet
108,helmet
109,helmet
110,helmet
111,helmet
112,helmet
113,helmet
114,helmet
115,helmet
116,helmet
117,helmet
118,helmet
119,helmet
120,helmet
121,helmet
122,helmet
123,helmet
124,helmet
125,helmet
126,helmet
127,helmet
128,helmet
129,helmet
130,helmet
131,helmet
132,helmet
133,helmet
134,helmet
135,helmet
136,helmet
137,helmet
138,helmet
139,helmet
140,helmet
141,helmet
142,helmet
143,helmet
144,helmet
145,helmet
146,helmet
147,helmet
148,helmet
149,helmet
150,helmet
151,helmet
152,helmet
153,helmet
154,helmet
155,helmet
156,helmet
157,helmet
158,helmet
159,helmet
160,helmet
161,helmet
162,helmet
163,helmet
164,helmet
165,helmet
166,helmet
167,helmet
168,helmet
169,helmet
170,helmet
171,helmet
172,helmet
173,helmet
174,helmet
175,helmet
176,helmet
177,helmet
178,helmet
179,helmet
180,helmet
181,helmet
182,helmet
183,helmet
184,helmet
185,helmet
186,helmet
187,helmet
188,helmet
189,helmet
190,helmet
191,helmet
192,helmet
193,helmet
194,helmet
195,helmet
196,helmet
197,helmet
198,helmet
199,helmet
200,helmet
201,helmet
202,helmet
203,helmet
204,helmet
205,helmet
206,helmet
207,helmet
208,helmet
209,helmet
210,helmet
211,helmet
212,helmet
213,helmet
214,helmet
215,helmet
216,helmet
217,helmet
218,helmet
219,helmet
220,helmet
221,helmet
222,helmet
223,helmet
224,helmet
225,helmet
226,helmet
227,helmet
228,helmet
229,helmet
230,helmet
231,helmet
232,helmet
233,helmet
234,helmet
235,helmet
236,helmet
237,helmet
238,helmet
239,helmet
240,helmet
241,helmet
242,helmet
243,helmet
244,helmet
245,helmet
246,helmet
247,helmet
248,helmet
249,helmet
250,helmet
251,helmet
252,helmet
253,helmet
254,helmet
255,helmet
256,helmet
257,helmet
258,helmet
259,helmet
260,helmet
261,helmet
262,helmet
263,helmet
264,helmet
265,helmet
266,helmet
267,helmet
268,helmet
269,helmet
270,helmet
271,helmet
272,helmet
273,helmet
274,helmet
275,helmet
276,helmet
277,helmet
278,helmet
279,helmet
280,helmet
281,helmet
282,helmet
283,helmet
284,helmet
285,helmet
286,helmet
287,helmet
288,helmet
289,helmet
290,helmet
291,helmet
292,helmet
293,helmet
294,helmet
295,helmet
296,helmet
297,open_head
298,open_head
299,open_head
300,open_head
301,open_head
302,open_head
303,open_head
304,open_head
305,open_head
306,open_head
307,open_head
308,open_head
309,open_head
310,open_head
311,open_head
312,open_head
313,open_head
314,open_head
315,open_head
316,open_head
317,open_head
318,open_head
319,open_head
320,open_head
321,open_head
322,open_head
323,open_head
324,open_head
325,open_head
326,open_head
327,open_head
328,open_head
329,open_head
330,open_head
331,open_head
332,open_head
333,open_head
334,open_head
335,open_head
336,open_head
337,open_head
338,open_head
339,open_head
340,open_head
341,open_head
342,open_head
343,open_head
344,open_head
345,open_head
346,open_head
347,open_head
348,open_head
349,open_head
350,open_head
351,open_head
352,open_head
353,open_head
354,open_head
355,open_head
356,open_head
357,open_head
358,open_head
359,open_head
360,open_head
361,open_head
362,open_head
363,open_head
364,open_head
365,open_head
366,open_head
367,open_head
368,open_head
369,open_head
370,open_head
371,open_head
372,open_head
373,open_head
374,open_head
375,open_head
376,open_head
377,open_head
378,open_head
379,open_head
380,open_head
381,open_head
382,open_head
383,open_head
384,open_head
385,open_head
386,open_head
387,open_head
388,open_head
389,open_head
390,open_head
391,open_head
392,open_head
393,open_head
394,open_head
395,open_head
396,open_head
397,open_head
398,open_head
399,open_head
400,open_head
401,open_head
402,open_head
403,open_head
404,open_head
405,open_head
406,open_head
407,open_head
408,open_head
409,open_head
410,open_head
411,open_head
412,open_head
413,open_head
414,open_head
415,open_head
416,open_head
417,open_head
418,open_head
419,open_head
420,open_head
421,open_head
422,open_head
423,open_head
424,open_head
425,open_head
426,open_head
427,open_head
428,open_head
429,open_head
430,open_head
431,open_head
432,open_head
433,open_head
434,open_head
435,open_head
436,open_head
437,open_head
438,open_head
439,open_head
440,open_head
441,open_head
442,open_head
443,open_head
444,open_head
445,open_head
446,open_head
447,open_head
448,open_head
449,open_head
450,open_head
451,open_head
452,open_head
453,open_head
454,open_head
455,open_head
456,open_head
457,open_head
458,open_head
459,open_head
460,open_head
461,open_head
462,open_head
463,open_head
464,open_head
465,open_head
466,open_head
467,open_head
468,open_head
469,open_head
470,open_head
471,open_head
472,open_head
473,open_head
474,open_head
475,open_head
476,open_head
477,open_head
478,open_head
479,open_head
480,open_head
481,open_head
482,open_head
483,open_head
484,open_head
485,open_head
486,open_head
487,open_head
488,open_head
489,open_head
490,open_head
491,open_head
492,open_head
493,open_head
494,open_head
495,open_head
496,open_head
497,open_head
498,open_head
499,open_head
500,open_head
501,open_head
502,open_head
503,open_head
504,open_head
505,open_head
506,open_head
507,open_head
508,open_head
509,open_head
510,open_head
511,open_head
512,open_head
513,open_head
514,open_head
515,open_head
516,open_head
517,open_head
518,open_head
519,open_head
520,open_head
521,open_head
522,open_head
523,open_head
524,open_head
525,open_head
526,open_head
527,open_head
528,open_head
529,open_head
530,open_head
531,open_head
532,open_head
533,open_head
534,open_head
535,open_head
536,open_head
537,open_head
538,open_head
539,open_head
540,open_head
541,open_head
542,open_head
543,open_head
544,open_head
545,open_head
546,open_head
547,open_head
548,open_head
549,open_head
550,open_head
551,open_head
552,open_head
553,open_head
554,open_head
555,open_head
556,open_head
557,open_head
558,open_head
559,open_head
560,open_head
561,open_head
562,open_head
563,open_head
564,open_head
565,open_head
566,open_head
567,open_head
568,open_head
569,open_head
570,open_head
571,open_head
572,open_head
573,open_head
574,open_head
575,open_head
576,open_head
577,open_head
578,open_head
579,open_head
580,open_head
581,open_head
582,open_head
583,open_head
584,open_head
585,open_head
586,open_head
587,open_head
588,open_head
589,open_head
590,open_head
591,open_head
592,open_head
593,open_head
594,open_head
595,open_head
596,open_head
597,open_head
598,open_head
599,open_head
600,open_head
601,open_head
602,open_head
603,open_head
604,open_head
605,open_head
606,open_head
607,open_head
608,open_head
609,open_head
610,open_head
611,open_head
612,open_head
613,open_head
614,open_head
615,open_head
616,open_head
617,open_head
618,open_head
619,open_head
620,open_head
621,open_head
622,open_head
623,open_head
624,open_head
625,open_head
626,open_head
627,open_head
628,open_head
629,open_head
630,open_head
631,open_head
632,open_head
633,open_head
634,open_head
635,open_head
636,open_head
637,open_head
638,open_head
639,open_head
640,open_head
641,open_head
642,open_head
643,open_head
644,open_head
645,open_head
646,open_head
647,open_head
648,open_head
649,open_head
650,open_head
651,open_head
652,open_head
653,open_head
654,open_head
655,open_head
656,open_head
657,open_head
658,open_head
659,open_head
660,open_head
661,open_head
662,open_head
663,open_head
664,open_head
665,open_head
666,open_head
667,open_head
668,open_head
669,open_head
670,open_head
671,open_head
672,open_head
673,open_head
674,open_head
675,open_head
676,open_head
677,open_head
678,open_head
679,open_head
680,open_head
681,open_head
682,open_head
683,open_head
684,open_head
685,open_head
686,open_head
687,open_head
688,open_head
689,open_head
690,open_head
691,open_head
692,open_head
693,open_head
694,open_head
695,open_head
696,open_head
697,open_head
698,open_head
699,open_head
700,open_head
701,open_head
702,open_head
703,open_head
704,open_head
705,open_head
706,open_head
707,open_head
708,open_head
709,open_head
710,open_head
711,open_head
712,open_head
713,open_head
714,open_head
715,open_head
716,open_head
717,open_head
718,open_head
719,open_head
720,open_head
721,open_head
722,open_head
723,helmet
724,helmet
725,helmet
726,helmet
727,helmet
728,helmet
729,helmet
730,helmet
731,helmet
732,helmet
733,helmet
734,helmet
735,helmet
736,helmet
737,helmet
738,helmet
739,helmet
740,helmet
741,helmet
742,helmet
743,helmet
744,helmet
745,helmet
746,helmet
747,helmet
748,helmet
749,helmet
750,helmet
751,helmet
752,helmet
753,helmet
754,helmet
755,helmet
756,helmet
757,helmet
758,helmet
759,helmet
760,helmet
761,helmet
762,helmet
763,helmet
764,helmet
765,helmet
766,helmet
767,helmet
768,helmet
769,helmet
770,helmet
771,helmet
772,helmet
773,helmet
774,helmet
775,helmet
776,helmet
777,helmet
778,helmet
779,helmet
780,helmet
781,helmet
782,helmet
783,helmet
784,helmet
785,helmet
786,helmet
787,helmet
788,helmet
789,helmet
790,helmet
791,helmet
792,helmet
793,helmet
794,helmet
795,helmet
796,helmet
797,helmet
798,helmet
799,helmet
800,helmet
801,helmet
802,helmet
803,helmet
804,helmet
805,helmet
806,helmet
807,helmet
808,helmet
809,helmet
810,helmet
811,helmet
812,helmet
813,helmet
814,helmet
815,helmet
816,helmet
817,helmet
818,helmet
819,helmet
820,helmet
821,helmet
822,helmet
823,helmet
824,helmet
825,helmet
826,helmet
827,helmet
828,helmet
829,helmet
830,helmet
831,helmet
832,helmet
833,helmet
834,helmet
835,helmet
836,helmet
837,helmet
838,helmet
839,helmet
840,helmet
841,helmet
842,helmet
843,helmet
844,helmet
845,helmet
846,helmet
847,helmet
848,helmet
849,helmet
850,helmet
851,helmet
852,helmet
853,helmet
854,helmet
855,helmet
856,helmet
857,helmet
858,helmet
859,helmet
860,helmet
861,helmet
862,helmet
863,helmet
864,helmet
865,helmet
866,helmet
867,helmet
868,helmet
869,helmet
870,helmet
871,helmet
872,helmet
873,helmet
874,helmet
875,helmet
876,helmet
877,helmet
878,helmet
879,helmet
880,helmet
881,helmet
882,helmet
883,helmet
884,helmet
885,helmet
886,helmet
887,helmet
888,helmet
889,helmet
890,helmet
891,helmet
892,helmet
893,helmet
894,helmet
895,helmet
896,helmet
897,helmet
898,helmet
899,helmet
900,helmet
901,helmet
902,helmet
903,helmet
904,helmet
905,helmet
906,helmet
907,helmet
908,helmet
909,helmet
910,helmet
911,helmet
912,helmet
913,helmet
914,helmet
915,helmet
916,helmet
917,helmet
918,helmet
919,helmet
920,helmet
921,helmet
922,helmet
923,helmet
924,helmet
925,helmet
926,helmet
927,helmet
928,helmet
929,helmet
930,helmet
931,helmet
932,helmet
933,helmet
934,helmet
935,helmet
936,helmet
937,helmet
938,helmet
939,helmet
940,helmet
941,helmet
942,helmet
943,helmet
944,helmet
945,helmet
946,helmet
947,helmet
948,helmet
949,helmet
950,helmet
951,helmet
952,helmet
953,helmet
954,helmet
955,helmet
956,helmet
957,helmet
958,helmet
959,helmet
960,helmet
961,helmet
962,helmet
963,helmet
964,helmet
965,helmet
966,helmet
967,helmet
968,helmet
969,helmet
970,helmet
971,helmet
972,helmet
973,helmet
974,helmet
975,helmet
976,helmet
977,helmet
978,helmet
979,helmet
980,helmet
981,helmet
982,helmet
983,helmet
984,helmet
985,helmet
986,helmet
987,helmet
988,helmet
989,helmet
990,helmet
991,helmet
992,helmet
993,helmet
994,helmet
995,helmet
996,helmet
997,helmet
998,helmet
999,helmet
1000,helmet
1001,helmet
1002,helmet
1003,helmet
1004,helmet
1005,helmet
1006,helmet
1007,helmet
1008,helmet
1009,helmet
1010,helmet
1011,helmet
1012,helmet
1013,helmet
1014,helmet
1015,helmet
1016,helmet
1017,helmet
1018,helmet
1019,helmet
1020,helmet
1021,helmet
1022,helmet
1023,helmet
1024,helmet
1025,helmet
1026,helmet
1027,helmet
1028,helmet
1029,helmet
1030,helmet
1031,helmet
1032,helmet
1033,helmet
1034,helmet
1035,helmet
1036,helmet
1037,helmet
1038,helmet
1039,helmet
1040,helmet
1041,helmet
1042,helmet
1043,helmet
1044,helmet
1045,helmet
1046,helmet
1047,helmet
1048,helmet
1049,helmet
1050,helmet
1051,helmet
1052,helmet
1053,helmet
1054,helmet
1055,helmet
1056,helmet
1057,helmet
1058,helmet
1059,helmet
1060,helmet
1061,helmet
1062,helmet
1063,helmet
1064,helmet
1065,helmet
1066,helmet
1067,helmet
1068,helmet
1069,helmet
1070,helmet
1071,helmet
1072,helmet
1073,helmet
1074,helmet
1075,helmet
1076,helmet
1077,helmet
1078,helmet
1079,helmet
1080,helmet
1081,helmet
1082,helmet
1083,helmet
1084,helmet
1085,helmet
1086,helmet
1087,helmet
1088,helmet
1089,helmet
1090,helmet
1091,helmet
1092,helmet
1093,helmet
1094,helmet
1095,helmet
1096,helmet
1097,helmet
1098,helmet
1099,helmet
1100,helmet
1101,helmet
1102,helmet
1103,helmet
1104,helmet
1105,helmet
1106,helmet
1107,helmet
1108,helmet
1109,helmet
1110,helmet
1111,helmet
1112,helmet
1113,helmet
1114,helmet
1115,helmet
1116,helmet
1117,helmet
1118,helmet
1119,helmet
1120,helmet
1121,helmet
1122,helmet
1123,helmet
1124,helmet
1125,helmet
1126,helmet
1127,helmet
1128,helmet
1129,helmet
1130,helmet
1131,helmet
1132,helmet
1133,helmet
1134,helmet
1135,helmet
1136,helmet
1137,helmet
1138,helmet
1139,helmet
1140,helmet
1141,helmet
1142,helmet
1143,helmet
1144,helmet
1145,helmet
1146,helmet
1147,helmet
1148,helmet
1149,helmet
1150,helmet
1151,helmet
1152,helmet
1153,helmet
1154,helmet
1155,helmet
1156,helmet
1157,helmet
1158,helmet
1159,helmet
1160,helmet
1161,helmet
1162,helmet
1163,helmet
1164,helmet
1165,helmet
1166,helmet
1167,helmet
1168,helmet
1169,helmet
1170,helmet
1171,helmet
1172,helmet
1173,helmet
1174,helmet
1175,helmet
1176,helmet
1177,helmet
1178,helmet
1179,helmet
1180,helmet
1181,helmet
1182,helmet
1183,helmet
1184,helmet
1185,helmet
1186,helmet
1187,helmet
1188,helmet
1189,helmet
1190,helmet
1191,helmet
1192,helmet
1193,helmet
1194,helmet
1195,helmet
1196,helmet
1197,helmet
1198,helmet
1199,helmet
1200,helmet
1201,helmet
1202,helmet
1203,helmet
1204,helmet
1205,helmet
1206,helmet
1207,helmet
1208,helmet
1209,helmet
1210,helmet
1211,helmet
1212,helmet
1213,helmet
1214,helmet
1215,helmet
1216,helmet
1217,helmet
1218,helmet
1219,helmet
1220,helmet
1221,helmet
1222,helmet
1223,helmet
1224,helmet
1225,helmet
1226,helmet
1227,helmet
1228,helmet
1229,helmet
1230,helmet
1231,helmet
1232,helmet
1233,helmet
1234,helmet
1235,helmet
1236,helmet
1237,helmet
1238,helmet
1239,helmet
1240,helmet
1241,helmet
1242,helmet
1243,helmet
1244,helmet
1245,helmet
1246,helmet
1247,helmet
1248,helmet
1249,helmet
1250,helmet
1251,helmet
1252,helmet
1253,helmet
1254,helmet
1255,helmet
1256,helmet
1257,helmet
1258,helmet
1259,helmet
1260,helmet
1261,helmet
1262,helmet
1263,helmet
1264,helmet
1265,helmet
1266,helmet
1267,helmet
1268,helmet
1269,helmet
1270,helmet
1271,helmet
1272,helmet
1273,helmet
1274,helmet
1275,helmet
1276,helmet
1277,helmet
1278,helmet
1279,helmet
1280,helmet
1281,helmet
1282,helmet
1283,helmet
1284,helmet
1285,helmet
1286,helmet
1287,helmet
1288,helmet
1289,helmet
1290,helmet
1291,helmet
1292,helmet
1293,helmet
1294,helmet
1295,helmet
1296,helmet
1297,helmet
1298,helmet
1299,helmet
1300,helmet
1301,helmet
1302,helmet
1303,helmet
1304,helmet
1305,helmet
1306,helmet
1307,helmet
1308,helmet
1309,helmet
1310,helmet
1311,helmet
1312,helmet
1313,helmet
1314,helmet
1315,helmet
1316,helmet
1317,helmet
1318,helmet
1319,helmet
1320,helmet
1321,helmet
1322,helmet
1323,helmet
1324,helmet
1325,helmet
1326,helmet
1327,helmet
1328,helmet
1329,helmet
1330,helmet
1331,helmet
1332,helmet
1333,helmet
1334,helmet
1335,helmet
1336,helmet
1337,helmet
1338,helmet
1339,helmet
1340,helmet
1341,helmet
1342,helmet
1343,helmet
1344,helmet
1345,helmet
1346,helmet
1347,helmet
1348,helmet
1349,helmet
1350,helmet
1351,helmet
1352,helmet
1353,helmet
1354,helmet
1355,helmet
1356,helmet
1357,helmet
1358,helmet
1359,helmet
1360,helmet
1361,helmet
1362,helmet
1363,helmet
1364,helmet
1365,helmet
1366,helmet
1367,helmet
1368,helmet
1369,helmet
1370,helmet
1371,helmet
1372,helmet
1373,helmet
1374,helmet
1375,helmet
1376,helmet
1377,helmet
1378,helmet
1379,helmet
1380,helmet
1381,helmet
1382,helmet
1383,helmet
1384,helmet
1385,helmet
1386,helmet
1387,helmet
1388,helmet
1389,helmet
1390,helmet
1391,helmet
1392,helmet
1393,helmet
1394,helmet
1395,helmet
1396,helmet
1397,helmet
1398,helmet
1399,helmet
1400,helmet
1401,helmet
1402,helmet
1403,helmet
1404,helmet
1405,helmet
1406,helmet
1407,helmet
1408,helmet
1409,helmet
1410,helmet
1411,helmet
1412,helmet
1413,helmet
1414,helmet
1415,helmet
1416,helmet
1417,helmet
1418,helmet
1419,helmet
1420,helmet
1421,helmet
1422,helmet
1423,helmet
1424,helmet
1425,helmet
1426,helmet
1427,helmet
1428,helmet
1429,helmet
1430,helmet
1431,helmet
1432,helmet
1433,helmet
1434,helmet
1435,helmet
1436,helmet
1437,helmet
1438,helmet
1439,helmet
1440,helmet
1441,helmet
1442,helmet
1443,helmet
1444,helmet
1445,helmet
1446,helmet
1447,helmet
1448,helmet
1449,helmet
1450,helmet
1451,helmet
1452,helmet
1453,helmet
1454,helmet
1455,helmet
1456,helmet
1457,helmet
1458,helmet
1459,helmet
1460,helmet
1461,helmet
1462,helmet
1463,helmet
1464,helmet
1465,helmet
1466,helmet
1467,helmet
1468,helmet
1469,helmet
1470,helmet
1471,helmet
1472,helmet
1473,helmet
1474,helmet
1475,helmet
1476,helmet
1477,helmet
1478,helmet
1479,helmet
1480,helmet
1481,helmet
1482,helmet
1483,helmet
1484,helmet
1485,helmet
1486,helmet
1487,helmet
1488,helmet
1489,helmet
1490,helmet
1491,helmet
1492,helmet
1493,helmet
1494,helmet
1495,helmet
1496,helmet
1497,helmet
1498,helmet
1499,helmet
1500,helmet
1501,helmet
1502,helmet
1503,helmet
1504,helmet
1505,helmet
1506,helmet
1507,helmet
1508,helmet
1509,helmet
1510,helmet
1511,helmet
1512,helmet
1513,helmet
1514,helmet
1515,helmet
1516,helmet
1517,helmet
1518,helmet
1519,helmet
1520,helmet
1521,helmet
1522,helmet
1523,helmet
1524,helmet
1525,helmet
1526,helmet
1527,helmet
1528,helmet
1529,helmet
1530,helmet
1531,helmet
1532,helmet
1533,helmet
1534,helmet
1535,helmet
1536,helmet
1537,helmet
1538,helmet
1539,helmet
1540,helmet
1541,helmet
1542,helmet
1543,helmet
1544,helmet
1545,helmet
1546,helmet
1547,helmet
1548,helmet
1549,helmet
1550,helmet
1551,helmet
1552,helmet
1553,helmet
1554,helmet
1555,helmet
1556,helmet
1557,helmet
1558,helmet
1559,helmet
1560,helmet
1561,helmet
1562,helmet
1563,helmet
1564,helmet
1565,helmet
1566,helmet
1567,helmet
1568,helmet
1569,helmet
1570,helmet
1571,helmet
1572,helmet
1573,helmet
1574,helmet
1575,helmet
1576,helmet
1577,helmet
1578,helmet
1579,helmet
1580,helmet
1581,helmet
1582,helmet
1583,helmet
1584,helmet
1585,helmet
1586,helmet
1587,helmet
1588,helmet
1589,helmet
1590,helmet
1591,helmet
1592,helmet
1593,helmet
1594,helmet
1595,helmet
1596,helmet
1597,helmet
1598,helmet
1599,helmet
1600,helmet
1601,helmet
1602,helmet
1603,helmet
1604,helmet
1605,helmet
1606,helmet
1607,helmet
1608,helmet
1609,helmet
1610,helmet
1611,helmet
1612,helmet
1613,helmet
1614,helmet
1615,helmet
1616,helmet
1617,helmet
1618,cap
1619,cap
1620,cap
1621,cap
1622,cap
1623,cap
1624,cap
1625,cap
1626,cap
1627,cap
1628,cap
1629,cap
1630,cap
1631,cap
1632,cap
1633,cap
1634,cap
1635,cap
1636,cap
1637,cap
1638,cap
1639,cap
1640,cap
1641,cap
1642,cap
1643,cap
1644,cap
1645,cap
1646,cap
1647,cap
1648,cap
1649,cap
1650,cap
1651,cap
1652,cap
1653,cap
1654,cap
1655,cap
1656,cap
1657,cap
1658,cap
1659,cap
1660,cap
1661,cap
1662,cap
1663,cap
1664,cap
1665,cap
1666,cap
1667,cap
1668,cap
1669,cap
1670,cap
1671,cap
1672,cap
1673,cap
1674,cap
1675,cap
1676,cap
1677,cap
1678,cap
1679,cap
1680,cap
1681,cap
1682,cap
1683,cap
1684,cap
1685,cap
1686,cap
1687,cap
1688,cap
1689,cap
1690,cap
1691,cap
1692,cap
1693,cap
1694,cap
1695,cap
1696,cap
1697,cap
1698,cap
1699,cap
1700,cap
1701,cap
1702,cap
1703,cap
1704,cap
1705,cap
1706,cap
1707,cap
1708,cap
1709,cap
1710,cap
1711,cap
1712,cap
1713,cap
1714,cap
1715,cap
1716,cap
1717,cap
1718,cap
1719,cap
1720,cap
1721,cap
1722,cap
1723,cap
1724,cap
1725,cap
1726,cap
1727,cap
1728,cap
1729,cap
1730,cap
1731,cap
1732,cap
1733,cap
1734,cap
1735,cap
1736,cap
1737,cap
1738,cap
1739,cap
1740,cap
1741,cap
1742,cap
1743,cap
1744,cap
1745,cap
1746,cap
1747,cap
1748,cap
1749,cap
1750,cap
1751,cap
1752,cap
1753,cap
1754,cap
1755,cap
1756,cap
1757,cap
1758,cap
1759,cap
1760,cap
1761,cap
1762,cap
1763,cap
1764,cap
1765,cap
1766,cap
1767,cap
1768,cap
1769,cap
1770,cap
1771,cap
1772,cap
1773,cap
1774,cap
1775,cap
1776,cap
1777,cap
1778,cap
1779,cap
1780,cap
1781,cap
1782,cap
1783,cap
1784,cap
1785,cap
1786,cap
1787,cap
1788,cap
1789,cap
1790,cap
1791,cap
1792,cap
1793,cap
1794,cap
1795,cap
1796,cap
1797,cap
1798,cap
1799,cap
1800,cap
1801,cap
1802,open_head
1803,open_head
1804,open_head
1805,open_head
1806,open_head
1807,open_head
1808,open_head
1809,open_head
1810,open_head
1811,open_head
1812,open_head
1813,open_head
1814,open_head
1815,open_head
1816,open_head
1817,open_head
1818,open_head
1819,open_head
1820,open_head
1821,open_head
1822,open_head
1823,open_head
1824,open_head
1825,open_head
1826,open_head
1827,open_head
1828,open_head
1829,open_head
1830,open_head
1831,open_head
1832,open_head
1833,open_head
1834,open_head
1835,open_head
1836,open_head
1837,open_head
1838,open_head
1839,open_head
1840,open_head
1841,open_head
1842,open_head
1843,open_head
1844,open_head
1845,open_head
1846,open_head
1847,open_head
1848,open_head
1849,open_head
1850,open_head
1851,open_head
1852,open_head
1853,open_head
1854,open_head
1855,open_head
1856,open_head
1857,open_head
1858,open_head
1859,open_head
1860,open_head
1861,open_head
1862,open_head
1863,open_head
1864,open_head
1865,open_head
1866,open_head
1867,open_head
1868,open_head
1869,open_head
1870,open_head
1871,open_head
1872,open_head
1873,open_head
1874,open_head
1875,open_head
1876,open_head
1877,open_head
1878,open_head
1879,open_head
1880,open_head
1881,open_head
1882,open_head
1883,open_head
1884,open_head
1885,open_head
1886,open_head
1887,open_head
1888,open_head
1889,open_head
1890,open_head
1891,open_head
1892,open_head
1893,open_head
1894,open_head
1895,open_head
1896,open_head
1897,open_head
1898,open_head
1899,open_head
1900,open_head
1901,open_head
1902,open_head
1903,open_head
1904,open_head
1905,open_head
1906,open_head
1907,open_head
1908,open_head
1909,open_head
1910,open_head
1911,open_head
1912,open_head
1913,open_head
1914,open_head
1915,open_head
1916,open_head
1917,open_head
1918,open_head
1919,open_head
1920,open_head
1921,open_head
1922,open_head
1923,open_head
1924,open_head
1925,open_head
1926,open_head
1927,open_head
1928,open_head
1929,open_head
1930,open_head
1931,open_head
1932,open_head
1933,open_head
1934,open_head
1935,open_head
1936,open_head
1937,open_head
1938,open_head
1939,open_head
1940,open_head
1941,open_head
1942,open_head
1943,open_head
1944,open_head
1945,open_head
1946,open_head
1947,open_head
1948,open_head
1949,open_head
1950,open_head
1951,open_head
1952,open_head
1953,open_head
1954,open_head
1955,open_head
1956,open_head
1957,open_head
1958,open_head
1959,open_head
1960,open_head
1961,open_head
1962,open_head
1963,open_head
1964,open_head
1965,open_head
1966,open_head
1967,open_head
1968,open_head
1969,open_head
1970,open_head
1971,open_head
1972,open_head
1973,open_head
1974,open_head
1975,open_head
1976,open_head
1977,open_head
1978,open_head
1979,open_head
1980,open_head
1981,open_head
1982,open_head
1983,open_head
1984,open_head
1985,open_head
1986,open_head
1987,open_head
1988,open_head
1989,open_head
1990,open_head
1991,open_head
1992,open_head
1993,open_head
1994,open_head
1995,open_head
1996,open_head
1997,open_head
1998,open_head
1999,open_head
2000,open_head
2001,open_head
2002,open_head
2003,open_head
2004,open_head
2005,open_head
2006,open_head
2007,open_head
2008,open_head
2009,open_head
2010,open_head
2011,open_head
2012,open_head
2013,open_head
2014,open_head
2015,open_head
2016,open_head
2017,open_head
2018,open_head
2019,open_head
2020,open_head
2021,open_head
2022,open_head
2023,open_head
2024,open_head
2025,open_head
2026,open_head
2027,open_head
2028,open_head
2029,open_head
2030,open_head
2031,open_head
2032,open_head
2033,open_head
2034,open_head
2035,open_head
2036,open_head
2037,open_head
2038,open_head
2039,open_head
2040,open_head
2041,open_head
2042,open_head
2043,open_head
2044,open_head
2045,open_head
2046,open_head
2047,open_head
2048,open_head
2049,open_head
2050,open_head
2051,open_head
2052,open_head
2053,open_head
2054,open_head
2055,open_head
2056,open_head
2057,open_head
2058,open_head
2059,open_head
2060,open_head
2061,open_head
2062,open_head
2063,open_head
2064,open_head
2065,open_head
2066,open_head
2067,open_head
2068,open_head
2069,open_head
2070,open_head
2071,open_head
2072,open_head
2073,open_head
2074,open_head
2075,open_head
2076,open_head
2077,open_head
2078,open_head
2079,open_head
2080,open_head
2081,open_head
2082,open_head
2083,open_head
2084,open_head
2085,open_head
2086,open_head
2087,open_head
2088,open_head
2089,open_head
2090,open_head
2091,open_head
2092,open_head
2093,open_head
2094,open_head
2095,open_head
2096,open_head
2097,open_head
2098,open_head
2099,open_head
2100,open_head
2101,open_head
2102,open_head
2103,open_head
2104,open_head
2105,open_head
2106,open_head
2107,bald
2108,bald
2109,bald
2110,bald
2111,bald
2112,bald
2113,bald
2114,bald
2115,bald
2116,bald
2117,bald
2118,bald
2119,bald
2120,bald
2121,bald
2122,bald
2123,bald
2124,bald
2125,bald
2126,bald
2127,bald
2128,bald
2129,bald
2130,bald
2131,bald
2132,bald
2133,bald
2134,bald
2135,bald
2136,bald
2137,bald
2138,bald
2139,bald
2140,bald
2141,bald
2142,bald
2143,bald
2144,bald
2145,bald
2146,bald
2147,bald
2148,bald
2149,bald
2150,bald
2151,bald
2152,bald
2153,bald
2154,bald
2155,bald
2156,bald
2157,bald
2158,bald
2159,bald
2160,bald
2161,bald
2162,bald
2163,bald
2164,bald
2165,bald
2166,bald
2167,bald
2168,bald
2169,bald
2170,bald
2171,bald
2172,bald
2173,bald
2174,bald
2175,bald
2176,bald
2177,bald
2178,bald
2179,bald
2180,bald
2181,bald
2182,bald
2183,bald
2184,bald
2185,bald
2186,bald
2187,bald
2188,bald
2189,bald
2190,bald
2191,bald
2192,bald
2193,bald
2194,bald
2195,bald
2196,bald
2197,bald
2198,bald
2199,bald
2200,bald
2201,bald
2202,bald
2203,bald
2204,bald
2205,bald
2206,bald
2207,bald
2208,bald
2209,bald
2210,bald
2211,bald
2212,bald
2213,bald
2214,bald
2215,bald
2216,bald
2217,bald
2218,bald
2219,bald
2220,bald
2221,bald
2222,bald
2223,bald
2224,bald
2225,bald
2226,bald
2227,bald
2228,bald
2229,bald
2230,bald
2231,bald
2232,bald
2233,bald
2234,bald
2235,bald
2236,bald
2237,bald
2238,bald
2239,bald
2240,bald
2241,bald
2242,bald
2243,bald
2244,bald
2245,bald
2246,bald
2247,bald
2248,bald
2249,bald
2250,bald
2251,bald
2252,bald
2253,bald
2254,bald
2255,bald
2256,bald
2257,bald
2258,bald
2259,bald
2260,bald
2261,bald
2262,bald
2263,bald
2264,bald
2265,bald
2266,bald
2267,turban
2268,turban
2269,turban
2270,turban
2271,turban
2272,turban
2273,turban
2274,turban
2275,turban
2276,turban
2277,turban
2278,turban
2279,turban
2280,turban
2281,turban
2282,turban
2283,turban
2284,turban
2285,turban
2286,turban
2287,turban
2288,turban
2289,turban
2290,turban
2291,turban
2292,turban
2293,turban
2294,turban
2295,turban
2296,turban
2297,turban
2298,turban
2299,turban
2300,turban
2301,turban
2302,turban
2303,turban
2304,turban
2305,turban
2306,turban
2307,turban
2308,turban
2309,turban
2310,turban
2311,turban
2312,turban
2313,turban
2314,turban
2315,turban
2316,turban
2317,turban
2318,turban
2319,turban
2320,turban
2321,turban
2322,turban
2323,turban
2324,turban
2325,turban
2326,turban
2327,turban
2328,turban
2329,turban
2330,turban
2331,turban
2332,turban
2333,turban
2334,turban
2335,turban
2336,turban
2337,turban
2338,turban
2339,turban
2340,turban
2341,turban
2342,turban
2343,turban
2344,turban
2345,turban
2346,turban
2347,turban
2348,turban
2349,turban
2350,turban
2351,turban
2352,turban
2353,turban
2354,turban
2355,turban
2356,turban
2357,turban
2358,helmet
2359,helmet
2360,helmet
2361,helmet
2362,helmet
2363,helmet
2364,helmet
2365,helmet
2366,helmet
2367,helmet
2368,helmet
2369,helmet
2370,helmet
2371,helmet
2372,helmet
2373,helmet
2374,helmet
2375,helmet
2376,helmet
2377,helmet
2378,helmet
2379,helmet
2380,helmet
2381,helmet
2382,helmet
2383,helmet
2384,helmet
2385,helmet
2386,helmet
2387,helmet
2388,helmet
2389,helmet
2390,helmet
2391,helmet
2392,helmet
2393,helmet
2394,helmet
2395,helmet
2396,helmet
2397,helmet
2398,helmet
2399,helmet
2400,helmet
2401,helmet
2402,helmet
2403,helmet
2404,helmet
2405,helmet
2406,helmet
2407,helmet
2408,helmet
2409,helmet
2410,helmet
2411,helmet
2412,helmet
2413,helmet
2414,helmet
2415,helmet
2416,helmet
2417,helmet
2418,helmet
2419,helmet
2420,helmet
2421,helmet
2422,helmet
2423,helmet
2424,helmet
2425,helmet
2426,helmet
2427,helmet
2428,helmet
2429,helmet
2430,helmet
2431,helmet
2432,helmet
2433,helmet
2434,helmet
2435,helmet
2436,helmet
2437,helmet
2438,helmet
2439,helmet
2440,helmet
2441,helmet
2442,helmet
2443,helmet
2444,helmet
2445,helmet
2446,helmet
2447,helmet
2448,helmet
2449,helmet
2450,helmet
2451,helmet
2452,helmet
2453,helmet
2454,helmet
2455,helmet
2456,helmet
2457,helmet
2458,helmet
2459,helmet
2460,helmet
2461,helmet
2462,helmet
2463,helmet
2464,helmet
2465,helmet
2466,helmet
2467,helmet
2468,helmet
2469,helmet
2470,helmet
2471,helmet
2472,helmet
2473,helmet
2474,helmet
2475,helmet
2476,helmet
2477,helmet
2478,helmet
2479,helmet
2480,helmet
2481,helmet
2482,helmet
2483,helmet
2484,helmet
2485,helmet
2486,helmet
2487,helmet
2488,helmet
2489,helmet
2490,helmet
2491,helmet
2492,helmet
2493,helmet
2494,helmet
2495,helmet
2496,helmet
2497,helmet
2498,helmet
2499,helmet
2500,helmet
2501,helmet
2502,helmet
2503,helmet
2504,helmet
2505,helmet
2506,helmet
2507,helmet
2508,helmet
2509,helmet
2510,helmet
2511,helmet
2512,helmet
2513,helmet
2514,helmet
2515,helmet
2516,helmet
2517,helmet
2518,helmet
2519,helmet
2520,helmet
2521,helmet
2522,helmet
2523,helmet
2524,helmet
2525,helmet
2526,helmet
2527,helmet
2528,helmet
2529,helmet
2530,helmet
2531,helmet
2532,helmet
2533,helmet
2534,helmet
2535,helmet
2536,helmet
2537,helmet
2538,helmet
2539,helmet
2540,helmet
2541,helmet
2542,helmet
2543,helmet
2544,helmet
2545,helmet
2546,helmet
2547,helmet
2548,helmet
2549,helmet
2550,helmet
2551,helmet
2552,helmet
2553,helmet
2554,helmet
2555,helmet
2556,helmet
2557,helmet
2558,helmet
2559,helmet
2560,helmet
2561,helmet
2562,helmet
2563,helmet
2564,helmet
2565,helmet
2566,helmet
2567,helmet
2568,helmet
2569,helmet
2570,helmet
2571,helmet
2572,helmet
2573,helmet
2574,helmet
2575,helmet
2576,helmet
2577,helmet
2578,helmet
2579,helmet
2580,helmet
2581,helmet
2582,helmet
2583,helmet
2584,helmet
2585,helmet
2586,helmet
2587,helmet
2588,helmet
2589,helmet
2590,helmet
2591,helmet
2592,helmet
2593,helmet
2594,helmet
2595,helmet
2596,helmet
2597,helmet
2598,helmet
2599,helmet
2600,helmet
2601,helmet
2602,helmet
2603,helmet
2604,helmet
2605,helmet
2606,helmet
2607,helmet
2608,helmet
2609,helmet
2610,helmet
2611,helmet
2612,helmet
2613,helmet
2614,helmet
2615,helmet
2616,helmet
2617,helmet
2618,helmet
2619,helmet
2620,helmet
2621,helmet
2622,helmet
2623,helmet
2624,helmet
2625,helmet
2626,helmet
2627,helmet
2628,helmet
2629,helmet
2630,helmet
2631,helmet
2632,helmet
2633,helmet
2634,helmet
2635,helmet
2636,helmet
2637,helmet
2638,helmet
2639,helmet
2640,helmet
2641,helmet
2642,helmet
2643,helmet
2644,helmet
2645,helmet
2646,helmet
2647,helmet
2648,helmet
2649,helmet
2650,helmet
2651,helmet
2652,helmet
2653,helmet
2654,helmet
2655,helmet
2656,helmet
2657,helmet
2658,helmet
2659,helmet
2660,helmet
2661,helmet
2662,helmet
2663,helmet
2664,helmet
2665,helmet
2666,helmet
2667,helmet
2668,helmet
2669,helmet
2670,helmet
2671,helmet
2672,helmet
2673,helmet
2674,helmet
2675,helmet
2676,burkha
2677,burkha
2678,burkha
2679,burkha
2680,burkha
2681,burkha
2682,burkha
2683,burkha
2684,burkha
2685,burkha
2686,burkha
2687,burkha
2688,burkha
2689,burkha
2690,burkha
2691,burkha
2692,burkha
2693,burkha
2694,burkha
2695,burkha
2696,burkha
2697,burkha
2698,burkha
2699,burkha
2700,burkha
2701,burkha
2702,burkha
2703,burkha
2704,burkha
2705,burkha
2706,burkha
2707,burkha
2708,burkha
2709,burkha
2710,burkha
2711,burkha
2712,burkha
2713,burkha
2714,burkha
2715,burkha
2716,burkha
2717,burkha
2718,burkha
2719,burkha
2720,burkha
2721,burkha
2722,burkha
2723,burkha
2724,burkha
2725,burkha
2726,burkha
2727,burkha
2728,burkha
2729,burkha
2730,burkha
2731,burkha
2732,burkha
2733,burkha
2734,burkha
2735,burkha
2736,burkha
2737,burkha
2738,burkha
2739,burkha
2740,burkha
2741,burkha
2742,burkha
2743,burkha
2744,burkha
2745,burkha
2746,burkha
2747,burkha
2748,burkha
2749,burkha
2750,burkha
2751,burkha
2752,burkha
2753,burkha
2754,burkha
2755,burkha
2756,burkha
2757,burkha
2758,burkha
2759,burkha
2760,burkha
2761,burkha
2762,burkha
2763,burkha
2764,burkha
2765,burkha
2766,burkha
2767,burkha
2768,burkha
2769,burkha
2770,burkha
2771,burkha
2772,burkha
2773,burkha
2774,burkha
2775,burkha
2776,burkha
2777,burkha
2778,burkha
2779,burkha
2780,burkha
2781,burkha
2782,burkha
2783,burkha
2784,burkha
2785,open_head
2786,open_head
2787,open_head
2788,open_head
2789,open_head
2790,open_head
2791,open_head
2792,open_head
2793,open_head
2794,open_head
2795,open_head
2796,open_head
2797,open_head
2798,open_head
2799,open_head
2800,open_head
2801,open_head
2802,open_head
2803,open_head
2804,open_head
2805,open_head
2806,open_head
2807,open_head
2808,open_head
2809,open_head
2810,open_head
2811,open_head
2812,open_head
2813,open_head
2814,open_head
2815,open_head
2816,open_head
2817,open_head
2818,open_head
2819,open_head
2820,open_head
2821,open_head
2822,open_head
2823,open_head
2824,open_head
2825,open_head
2826,open_head
2827,open_head
2828,open_head
2829,open_head
2830,open_head
2831,open_head
2832,open_head
2833,open_head
2834,open_head
2835,open_head
2836,open_head
2837,open_head
2838,open_head
2839,open_head
2840,open_head
2841,open_head
2842,open_head
2843,open_head
2844,open_head
2845,open_head
2846,open_head
2847,open_head
2848,open_head
2849,open_head
2850,open_head
2851,open_head
2852,open_head
2853,open_head
2854,open_head
2855,open_head
2856,open_head
2857,open_head
2858,open_head
2859,open_head
2860,open_head
2861,open_head
2862,open_head
2863,open_head
2864,open_head
2865,open_head
2866,open_head
2867,open_head
2868,open_head
2869,open_head
2870,open_head
2871,open_head
2872,open_head
2873,open_head
2874,open_head
2875,open_head
2876,open_head
2877,open_head
2878,open_head
2879,open_head
2880,open_head
2881,open_head
2882,open_head
2883,open_head
2884,open_head
2885,open_head
2886,open_head
2887,open_head
2888,open_head
2889,open_head
2890,open_head
2891,open_head
2892,open_head
2893,open_head
2894,open_head
2895,open_head
2896,open_head
2897,open_head
2898,open_head
2899,open_head
2900,open_head
2901,open_head
2902,open_head
2903,open_head
2904,open_head
2905,open_head
2906,open_head
2907,open_head
2908,open_head
2909,open_head
2910,open_head
2911,open_head
2912,open_head
2913,open_head
2914,open_head
2915,open_head
2916,open_head
2917,open_head
2918,open_head
2919,open_head
2920,open_head
2921,open_head
2922,open_head
2923,open_head
2924,open_head
2925,open_head
2926,open_head
2927,open_head
2928,open_head
2929,open_head
2930,open_head
2931,open_head
2932,open_head
2933,open_head
2934,open_head
2935,open_head
2936,open_head
2937,open_head
2938,open_head
2939,open_head
2940,open_head
2941,open_head
2942,open_head
2943,open_head
2944,open_head
2945,open_head
2946,open_head
2947,open_head
2948,open_head
2949,open_head
2950,open_head
2951,open_head
2952,open_head
2953,open_head
2954,open_head
2955,open_head
2956,open_head
2957,open_head
2958,open_head
2959,open_head
2960,open_head
2961,open_head
2962,open_head
2963,open_head
2964,open_head
2965,open_head
2966,open_head
2967,open_head
2968,open_head
2969,open_head
2970,open_head
2971,open_head
2972,open_head
2973,open_head
2974,open_head
2975,open_head
2976,open_head
2977,open_head
2978,open_head
2979,open_head
2980,open_head
2981,open_head
2982,open_head
2983,open_head
2984,open_head
2985,open_head
2986,open_head
2987,open_head
2988,open_head
2989,open_head
2990,open_head
2991,open_head
2992,open_head
2993,open_head
2994,open_head
2995,open_head
2996,open_head
2997,open_head
2998,open_head
2999,open_head
3000,open_head
3001,open_head
3002,open_head
3003,open_head
3004,open_head
3005,open_head
3006,open_head
3007,open_head
3008,open_head
3009,open_head
3010,open_head
3011,open_head
3012,open_head
3013,open_head
3014,open_head
3015,open_head
3016,open_head
3017,open_head
3018,open_head
3019,open_head
3020,open_head
3021,open_head
3022,open_head
3023,open_head
3024,open_head
3025,open_head
3026,open_head
3027,open_head
3028,open_head
3029,open_head
3030,open_head
3031,open_head
3032,open_head
3033,open_head
3034,open_head
3035,open_head
3036,open_head
3037,open_head
3038,open_head
3039,open_head
3040,open_head
3041,open_head
3042,open_head
3043,open_head
3044,open_head
3045,open_head
3046,open_head
3047,open_head
3048,open_head
3049,open_head
3050,open_head
3051,open_head
3052,open_head
3053,open_head
3054,open_head
3055,open_head
3056,open_head
3057,open_head
3058,open_head
3059,open_head
3060,open_head
3061,open_head
3062,open_head
3063,open_head
3064,open_head
3065,open_head
3066,open_head
3067,open_head
3068,open_head
3069,open_head
3070,open_head
3071,open_head
3072,open_head
3073,open_head
3074,open_head
3075,open_head
3076,open_head
3077,open_head
3078,open_head
3079,open_head
3080,open_head
3081,open_head
3082,open_head
3083,open_head
3084,open_head
3085,open_head
3086,open_head
3087,open_head
3088,open_head
3089,open_head
3090,open_head
3091,open_head
3092,open_head
3093,open_head
3094,open_head
3095,open_head
3096,open_head
3097,open_head
